tid,mjd,fid,diffmaglim
"ztf",60016.22840279993,2,20.4341
"ztf",60020.272743099835,2,20.6043
"ztf",60077.28337959992,1,19.5183
"ztf",60079.20129630016,2,20.3224